Thai-style mussels,15M,super easy,http://cdn.jamieoliver.com/recipe-database/xtra_med/FWV-AstiKPY8VrKpVynL6_.jpg
Royal barbecued pork loin,1H 25M,not too tricky,http://cdn.jamieoliver.com/recipe-database/xtra_med/AyaJpt3sqlM8b26mvEV1jW.jpg
Beautiful stuffed porchetta,4H 15M,showing off,http://cdn.jamieoliver.com/recipe-database/oldImages/xtra_med/1054_1_1437987698.jpg
Pear-roasted pork loin joint,3H,showing off,http://cdn.jamieoliver.com/recipe-database/xtra_med/8SMp-jyEqn38xdSfrOm9ZK.jpg
Pot roast pork,1H 25M,super easy,http://cdn.jamieoliver.com/recipe-database/oldImages/xtra_med/411_36_1434038489.jpg
Chocolate calzone,1H,not too tricky,http://cdn.jamieoliver.com/recipe-database/xtra_med/76GYwRmhq2EAXJQR8vLKDK.jpg
Lobster burger,25M,not too tricky,http://cdn.jamieoliver.com/recipe-database/xtra_med/9efqOqvWaMZ91PbI2m9tsk.jpg
Fish soup,30M,not too tricky,http://cdn.jamieoliver.com/recipe-database/xtra_med/5pkOTHdHaVj8GC2W_oy_NN.jpg
Fish cakes,1H,super easy,http://cdn.jamieoliver.com/recipe-database/oldImages/xtra_med/208_1_1439212412.jpg
Basic pizza,1H 20M,super easy,http://cdn.jamieoliver.com/recipe-database/oldImages/xtra_med/62_36_1429634659.jpg
Pork loin with a great herby stuffing,1H 30M,not too tricky,http://cdn.jamieoliver.com/recipe-database/xtra_med/3YwFx9Ivasz81tvrHOp7b4.jpg
Lemon sorbet,10M,super easy,http://cdn.jamieoliver.com/recipe-database/xtra_med/25Y1AX_MqhuA0yl3KtXApP.jpg
Lemon butter biscuits,25M,super easy,http://cdn.jamieoliver.com/recipe-database/oldImages/xtra_med/311_1_1436805247.jpg
Apple crumble,50M,super easy,http://cdn.jamieoliver.com/recipe-database/oldImages/xtra_med/24_1_1440687999.jpg
Roast potatoes with sage ,1H 5M,super easy,//cdn.jamieoliver.com/recipe-database/oldImages/xtra_med/452_1_1349860879.jpg
Fabulous fish stew,45M,super easy,//cdn.jamieoliver.com/recipe-database/oldImages/xtra_med/197_1_1439300009.jpg
Mango cooler,5M,super easy,//cdn.jamieoliver.com/recipe-database/oldImages/xtra_med/328_1_1436864467.jpg
Vietnamese fish hot pot (Ca kho to),45M,not too tricky,//cdn.jamieoliver.com/recipe-database/xtra_med/2j1X-k5dqa18dKLlYEGV0d.jpg
"New potato salad with soured cream, chives and pancetta",35M,super easy,//cdn.jamieoliver.com/recipe-database/oldImages/xtra_med/773_1_1438763181.jpg
Pancake cake,1H,not too tricky,//cdn.jamieoliver.com/recipe-database/oldImages/xtra_med/377_1_1438783506.jpg
